{
    "c": 0.13948919449901767,
    "а": 0.10216110019646366,
    "х": 0.09037328094302555,
    "8": 0.07269155206286837,
    "м": 0.07072691552062868,
    "r": 0.05893909626719057
}