{
    " ": 0.128675,
    "О": 0.096456,
    "И": 0.075312,
    "Е": 0.072292,
    "А": 0.064841,
    "Н": 0.061820
}