{
    "c": 0.13948919449901767,
    "\u0430": 0.10216110019646366,
    "\u0445": 0.09037328094302555,
    "8": 0.07269155206286837,
    "\u043c": 0.07072691552062868,
    "r": 0.05893909626719057,
    "\u043b": 0.0550098231827112,
    "\u043e": 0.04518664047151277,
    "2": 0.0412573673870334,
    "b": 0.03732809430255403,
    "\u043a": 0.03339882121807466,
    "\u0435": 0.03143418467583497,
    "\u0434": 0.0275049115913556,
    "\u0431": 0.025540275049115914,
    "\u0440": 0.025540275049115914,
    "7": 0.019646365422396856,
    "4": 0.01768172888015717,
    "t": 0.015717092337917484,
    "<": 0.015717092337917484,
    "1": 0.0137524557956778,
    "\u0444": 0.0137524557956778,
    "\u0443": 0.009823182711198428,
    "5": 0.005893909626719057,
    ">": 0.005893909626719057,
    "\u0447": 0.003929273084479371,
    "?": 0.003929273084479371,
    "\u0438": 0.003929273084479371,
    "\u043f": 0.003929273084479371,
    "a": 0.003929273084479371,
    "\u0439": 0.0019646365422396855,
    "\u044c": 0.0019646365422396855,
    "\u044b": 0.0019646365422396855
}